mirVasquez,34550715062af006ac4fab288de67ecb44793c3a05c475227241535f6ef7a81b
CronosVargas,0e62da68144d1d0f75b4196a26e118532968b575aaacedf2d71e1c7c2c26af01
BlueGdur,9a900403ac313ba27a1bc81f0932652b8020dac92c234d98fa0b06bf0040ecfd
MiaGdur,aa2cab273d748badd7baca6c02f3a96543ee678ccc63f5f8cd40841da458c59a
sefinGdur,76effdca412ed66b30a2a3f64667a60f9172dcbc5cd9bf0c3b33a22b9b2b80ce
lokiVargas,99cb3af9a565b9ccf603b4c01c49a5fec015f493af1d0abb81a68409b95a482b
JackJimenez,58558ef19e3fe3d5e2bd630e7af16cbd8f378072c969c69578c793f21ad62d3f
AlanaVargas,a046907f7dd6ee611f02d941086ef1f2b1fb0d8959195e9999ad49489e961bc7
Mayasolano,9ce8db922a8f4a7abd859adee70bd8b7a63321265487da54cf4bed6a69eb3e1b
BaliMedrano,aeed6dfbd940581271935d2c2dc2b8ce50cac32c6349e1e16d09b24f0657519e
