traintransition;5003ee8d74b7949a1b4543f8162fd223a02500974af28b17828429f5750e803e
insuranceanxious;9a982fb95009be3a9fcb86306525815aad56c43a1667b55fad075041ce42c264
bollardmakeup;1bba8fa6a9872710a962f67fd089836941415932fbe6fad8a45ff9046766d6d7
stradpurpose;4e67374e0efb0240742b88c0e83dee00d8990bb6e6cec9a265c8caa276f2141f
quoteinfested;b0cc687da6be22a63fd2a8e112e8818e05f0f5d3aa17934fb83076151c1bb6a6
volcanovacant;9e94fefde4f332b7c6f5972211bf7e4116d133d9010b5dbaba2621b0a52ff5a0
acridobsolete;f5caa9f846a3542cf89e7e31d44f57455d541e94e9922117e2b8fbab949f2d17
skyscraperrespondent;0301f4e5117c929a1f89092f87f6f92a7c8d7a2329f7818f29c8fa03a4658189
grocerytruly;8d02f4306ee7164348415b89836eb037a3a0d9cf4c08d218581903f40e6bfbcc
mooparrot;fe8a2668070ca8d12b37d81803c44f9e2e57b4db8be8173811f6bcda2aa35ba8
